{
    "N0": {
        "rate": 0.451622088,
        "weight_start": 0,
        "weight_end": 55,
        "basic": 51.51740289,
        "next": {
            "weight_start": 55.01,
            "weight_end": 90,
            "basic": 99.69664365,
            "next": {
                "rate": 0.54681561,
                "weight_start": 90.01,
                "weight_end": 10000,
                "basic": 75.33692558
            }
        }
    },
    "N1": {
        "rate": 1.021410421,
        "weight_start": 0,
        "weight_end": 55,
        "basic": 69.01694526,
        "next": {
            "weight_start": 55.01,
            "weight_end": 90,
            "basic": 98.07189642,
            "next": {
                "rate": 0.99624156,
                "weight_start": 90.01,
                "weight_end": 10000,
                "basic": 95.59448676
            }
        }
    },
    "GF": {
        "rate": 1.181197686,
        "weight_start": 0,
        "weight_end": 55,
        "basic": 74.31790945,
        "next": {
            "weight_start": 55.01,
            "weight_end": 90,
            "basic": 98.8958018,
            "next": {
                "rate": 1.071059975,
                "weight_start": 90.01,
                "weight_end": 10000,
                "basic": 119.9306017
            }
        }
    },
    "WG": {
        "rate": 0.903388213,
        "weight_start": 0,
        "weight_end": 55,
        "basic": 66.47540084,
        "next": {
            "weight_start": 55.01,
            "weight_end": 90,
            "basic": 102.7239905,
            "next": {
                "rate": 1.009480756,
                "weight_start": 90.01,
                "weight_end": 10000,
                "basic": 127.4957335
            }
        }
    },
    "NC": {
        "rate": 0.986013,
        "weight_start": 0,
        "weight_end": 55,
        "basic": 66.82761781,
        "next": {
            "weight_start": 55.01,
            "weight_end": 90,
            "basic": 100.2622606,
            "next": {
                "rate": 0.959262288,
                "weight_start": 90.01,
                "weight_end": 10000,
                "basic": 128.5933615
            }
        }
    },
    "CB": {
        "rate": 1.031891907,
        "weight_start": 0,
        "weight_end": 55,
        "basic": 66.64262639,
        "next": {
            "weight_start": 55.01,
            "weight_end": 90,
            "basic": 95.37894489,
            "next": {
                "rate": 1.495125154,
                "weight_start": 90.01,
                "weight_end": 10000,
                "basic": 84.38152692
            }
        }
    },
    "N3": {
        "rate": 0.801759925,
        "weight_start": 0,
        "weight_end": 55,
        "basic": 63.62546931,
        "next": {
            "weight_start": 55.01,
            "weight_end": 90,
            "basic": 100.2243357,
            "next": {
                "rate": 1.318672798,
                "weight_start": 90.01,
                "weight_end": 10000,
                "basic": 109.1327649
            }
        }
    },
    "N4": {
        "rate": 1.517724,
        "weight_start": 0,
        "weight_end": 55,
        "basic": 81.62734106,
        "next": {
            "weight_start": 55.01,
            "weight_end": 90,
            "basic": 94.15102275,
            "next": {
                "rate": 1.382372,
                "weight_start": 90.01,
                "weight_end": 10000,
                "basic": 107.84885
            }
        }
    },
    "N2": {
        "rate": 1.609962365,
        "weight_start": 0,
        "weight_end": 55,
        "basic": 86.23493934,
        "next": {
            "weight_start": 55.01,
            "weight_end": 90,
            "basic": 93.40979162,
            "next": {
                "rate": 1.670986619,
                "weight_start": 90.01,
                "weight_end": 10000,
                "basic": 116.895334
            }
        }
    },
    "V0": {
        "rate": 0.266645388,
        "weight_start": 0,
        "weight_end": 55,
        "basic": 44.98811148,
        "next": {
            "weight_start": 55.01,
            "weight_end": 90,
            "basic": 98.42875744,
            "next": {
                "rate": 0.285316949,
                "weight_start": 90.01,
                "weight_end": 10000,
                "basic": 75.73975928
            }
        }
    },
    "V1": {
        "rate": 0.895324752,
        "weight_start": 0,
        "weight_end": 55,
        "basic": 69.69607229,
        "next": {
            "weight_start": 55.01,
            "weight_end": 90,
            "basic": 104.067747,
            "next": {
                "rate": 1.04864784,
                "weight_start": 90.01,
                "weight_end": 10000,
                "basic": 120.6461134
            }
        }
    },
    "GL": {
        "rate": 0.562259657,
        "weight_start": 0,
        "weight_end": 55,
        "basic": 59.69011817,
        "next": {
            "weight_start": 55.01,
            "weight_end": 90,
            "basic": 105.1491789,
            "next": {
                "rate": 1.184482296,
                "weight_start": 90.01,
                "weight_end": 10000,
                "basic": 121.0852012
            }
        }
    },
    "BR": {
        "rate": 0.904978286,
        "weight_start": 0,
        "weight_end": 55,
        "basic": 70.28157086,
        "next": {
            "weight_start": 55.01,
            "weight_end": 90,
            "basic": 106.4872286,
            "next": {
                "rate": 0.8043975,
                "weight_start": 90.01,
                "weight_end": 10000,
                "basic": 134.8110625
            }
        }
    },
    "V3": {
        "rate": 0.565611429,
        "weight_start": 0,
        "weight_end": 55,
        "basic": 56.49588,
        "next": {
            "weight_start": 55.01,
            "weight_end": 90,
            "basic": 101.8644429,
            "next": {
                "rate": 1.204941111,
                "weight_start": 90.01,
                "weight_end": 10000,
                "basic": 119.8320556
            }
        }
    },
    "V2": {
        "rate": 1.361179128,
        "weight_start": 0,
        "weight_end": 55,
        "basic": 86.72477993,
        "next": {
            "weight_start": 55.01,
            "weight_end": 90,
            "basic": 104.3093073,
            "next": {
                "rate": 2.095309372,
                "weight_start": 90.01,
                "weight_end": 10000,
                "basic": 115.1153234
            }
        }
    },
    "Q0": {
        "rate": 0.718559538,
        "weight_start": 0,
        "weight_end": 55,
        "basic": 58.55368877,
        "next": {
            "weight_start": 55.01,
            "weight_end": 90,
            "basic": 99.79265268,
            "next": {
                "rate": 0.83419,
                "weight_start": 90.01,
                "weight_end": 10000,
                "basic": 74.48125
            }
        }
    },
    "Q1": {
        "rate": 1.526259625,
        "weight_start": 0,
        "weight_end": 55,
        "basic": 83.89663325,
        "next": {
            "weight_start": 55.01,
            "weight_end": 90,
            "basic": 96.34944854,
            "next": {
                "rate": 1.149809489,
                "weight_start": 90.01,
                "weight_end": 10000,
                "basic": 121.7743331
            }
        }
    },
    "IP": {
        "rate": 1.288356015,
        "weight_start": 0,
        "weight_end": 55,
        "basic": 75.94013059,
        "next": {
            "weight_start": 55.01,
            "weight_end": 90,
            "basic": 94.02489076,
            "next": {
                "rate": 1.116302152,
                "weight_start": 90.01,
                "weight_end": 10000,
                "basic": 122.6262317
            }
        }
    },